
{"data":
[{"check":"","id":"SBNVG001","title":"政协提案流程","type":"政策法规","person":"何杰","date":"2017-04-05","oper":"1"},
  {"check":"","id":"SBNVG001","title":"提案模板","type":"文档模板","person":"何杰","date":"2017-04-05","oper":"1"},
  {"check":"","id":"SBNVG001","title":"2017提案统计报表","type":"统计报表","person":"何杰","date":"2017-04-05","oper":"1"},
  {"check":"","id":"SBNVG001","title":"2017重庆江北经济分析","type":"经济报表","person":"何杰","date":"2017-04-05","oper":"1"},
  {"check":"","id":"SBNVG001","title":"政协提案流程","type":"政策法规","person":"何杰","date":"2017-04-05","oper":"1"},
  {"check":"","id":"SBNVG001","title":"提案模板","type":"文档模板","person":"何杰","date":"2017-04-05","oper":"1"},
  {"check":"","id":"SBNVG001","title":"2017提案统计报表","type":"统计报表","person":"何杰","date":"2017-04-05","oper":"1"},
  {"check":"","id":"SBNVG001","title":"2017重庆江北经济分析","type":"经济报表","person":"何杰","date":"2017-04-05","oper":"1"},
  {"check":"","id":"SBNVG001","title":"政协提案流程","type":"政策法规","person":"何杰","date":"2017-04-05","oper":"1"},
  {"check":"","id":"SBNVG001","title":"提案模板","type":"文档模板","person":"何杰","date":"2017-04-05","oper":"1"},
  {"check":"","id":"SBNVG001","title":"2017提案统计报表","type":"统计报表","person":"何杰","date":"2017-04-05","oper":"1"},
  {"check":"","id":"SBNVG001","title":"2017重庆江北经济分析","type":"经济报表","person":"何杰","date":"2017-04-05","oper":"1"}















]}