
{"data":
[{"check":"","id":"SBNVG001","class":"公交邮电","resouce":"关于提高最低限速建议","type":"个人提案","date":"2017-04-05","oper":"1"},
  {"check":"","id":"SBNVG001","class":"公交邮电","resouce":"关于提高最低限速建议","type":"个人提案","date":"2017-04-05","oper":"1"},
  {"check":"","id":"SBNVG001","class":"公交邮电","resouce":"关于提高最低限速建议","type":"个人提案","date":"2017-04-05","oper":"1"},
  {"check":"","id":"SBNVG001","class":"公交邮电","resouce":"关于提高最低限速建议","type":"个人提案","date":"2017-04-05","oper":"1"},
  {"check":"","id":"SBNVG001","class":"公交邮电","resouce":"关于提高最低限速建议","type":"个人提案","date":"2017-04-05","oper":"1"},
  {"check":"","id":"SBNVG001","class":"公交邮电","resouce":"关于提高最低限速建议","type":"个人提案","date":"2017-04-05","oper":"1"},
  {"check":"","id":"SBNVG001","class":"公交邮电","resouce":"关于提高最低限速建议","type":"个人提案","date":"2017-04-05","oper":"1"},
  {"check":"","id":"SBNVG001","class":"公交邮电","resouce":"关于提高最低限速建议","type":"个人提案","date":"2017-04-05","oper":"1"},
  {"check":"","id":"SBNVG001","class":"公交邮电","resouce":"关于提高最低限速建议","type":"个人提案","date":"2017-04-05","oper":"1"},
  {"check":"","id":"SBNVG001","class":"公交邮电","resouce":"关于提高最低限速建议","type":"个人提案","date":"2017-04-05","oper":"1"},
  {"check":"","id":"SBNVG001","class":"公交邮电","resouce":"关于提高最低限速建议","type":"个人提案","date":"2017-04-05","oper":"1"}











]}