
{"data":
[{"check":"","id":"SBNVG001","name":"关于支持科研单位在重庆江北发展提议","part":"重庆市政协","time":"2017-04-23","oper":"1"},
  {"check":"","id":"SBNVG001","name":"关于支持科研单位在重庆江北发展提议","part":"重庆市政协","time":"2017-04-23","oper":"1"},
  {"check":"","id":"SBNVG001","name":"关于支持科研单位在重庆江北发展提议","part":"重庆市政协","time":"2017-04-23","oper":"1"},
  {"check":"","id":"SBNVG001","name":"关于支持科研单位在重庆江北发展提议","part":"重庆市政协","time":"2017-04-23","oper":"1"},
  {"check":"","id":"SBNVG001","name":"关于支持科研单位在重庆江北发展提议","part":"重庆市政协","time":"2017-04-23","oper":"1"},
  {"check":"","id":"SBNVG001","name":"关于支持科研单位在重庆江北发展提议","part":"重庆市政协","time":"2017-04-23","oper":"1"},
  {"check":"","id":"SBNVG001","name":"关于支持科研单位在重庆江北发展提议","part":"重庆市政协","time":"2017-04-23","oper":"1"},
  {"check":"","id":"SBNVG001","name":"关于支持科研单位在重庆江北发展提议","part":"重庆市政协","time":"2017-04-23","oper":"1"},
  {"check":"","id":"SBNVG001","name":"关于支持科研单位在重庆江北发展提议","part":"重庆市政协","time":"2017-04-23","oper":"1"},
  {"check":"","id":"SBNVG001","name":"关于支持科研单位在重庆江北发展提议","part":"重庆市政协","time":"2017-04-23","oper":"1"},
  {"check":"","id":"SBNVG001","name":"关于支持科研单位在重庆江北发展提议","part":"重庆市政协","time":"2017-04-23","oper":"1"}











]}