
{"data":
[{"check":"","id":"SBNVG001","tit":"关于重庆江北区公共卫生改善会议","cell":"大型会议","part":"区政协","time":"2017-04-25:9:00","addr":"政务大厅301","person":"周小华，刘林，吴云，政协第二小组全体人员","link":"罗中旭","tele":"13823630125","oper":"1"},
  {"check":"","id":"SBNVG001","tit":"关于重庆江北区公共卫生改善会议","cell":"大型会议","part":"区政协","time":"2017-04-25:9:00","addr":"政务大厅301","person":"周小华，刘林，吴云，政协第二小组全体人员","link":"罗中旭","tele":"13823630125","oper":"1"},
  {"check":"","id":"SBNVG001","tit":"关于重庆江北区公共卫生改善会议","cell":"大型会议","part":"区政协","time":"2017-04-25:9:00","addr":"政务大厅301","person":"周小华，刘林，吴云，政协第二小组全体人员","link":"罗中旭","tele":"13823630125","oper":"1"},
  {"check":"","id":"SBNVG001","tit":"关于重庆江北区公共卫生改善会议","cell":"大型会议","part":"区政协","time":"2017-04-25:9:00","addr":"政务大厅301","person":"周小华，刘林，吴云，政协第二小组全体人员","link":"罗中旭","tele":"13823630125","oper":"1"},
  {"check":"","id":"SBNVG001","tit":"关于重庆江北区公共卫生改善会议","cell":"大型会议","part":"区政协","time":"2017-04-25:9:00","addr":"政务大厅301","person":"周小华，刘林，吴云，政协第二小组全体人员","link":"罗中旭","tele":"13823630125","oper":"1"},
  {"check":"","id":"SBNVG001","tit":"关于重庆江北区公共卫生改善会议","cell":"大型会议","part":"区政协","time":"2017-04-25:9:00","addr":"政务大厅301","person":"周小华，刘林，吴云，政协第二小组全体人员","link":"罗中旭","tele":"13823630125","oper":"1"},
  {"check":"","id":"SBNVG001","tit":"关于重庆江北区公共卫生改善会议","cell":"大型会议","part":"区政协","time":"2017-04-25:9:00","addr":"政务大厅301","person":"周小华，刘林，吴云，政协第二小组全体人员","link":"罗中旭","tele":"13823630125","oper":"1"},
  {"check":"","id":"SBNVG001","tit":"关于重庆江北区公共卫生改善会议","cell":"大型会议","part":"区政协","time":"2017-04-25:9:00","addr":"政务大厅301","person":"周小华，刘林，吴云，政协第二小组全体人员","link":"罗中旭","tele":"13823630125","oper":"1"},
  {"check":"","id":"SBNVG001","tit":"关于重庆江北区公共卫生改善会议","cell":"大型会议","part":"区政协","time":"2017-04-25:9:00","addr":"政务大厅301","person":"周小华，刘林，吴云，政协第二小组全体人员","link":"罗中旭","tele":"13823630125","oper":"1"},
  {"check":"","id":"SBNVG001","tit":"关于重庆江北区公共卫生改善会议","cell":"大型会议","part":"区政协","time":"2017-04-25:9:00","addr":"政务大厅301","person":"周小华，刘林，吴云，政协第二小组全体人员","link":"罗中旭","tele":"13823630125","oper":"1"}











]}