
{"data":
[{"check":"","id":"SBNVG001","tit":"关于重庆江北区民生改善会议","cell":"大型会议","part":"区政协","time":"2017-04-25:9:00","addr":"政务大厅301","person":"全体政协代表","link":"罗中旭","tele":"13823630125","oper":"1"},
  {"check":"","id":"SBNVG001","tit":"关于重庆江北区民生改善会议","cell":"大型会议","part":"区政协","time":"2017-04-25:9:00","addr":"政务大厅301","person":"全体政协代表","link":"罗中旭","tele":"13823630125","oper":"1"},
  {"check":"","id":"SBNVG001","tit":"关于重庆江北区民生改善会议","cell":"大型会议","part":"区政协","time":"2017-04-25:9:00","addr":"政务大厅301","person":"全体政协代表","link":"罗中旭","tele":"13823630125","oper":"1"},
  {"check":"","id":"SBNVG001","tit":"关于重庆江北区民生改善会议","cell":"大型会议","part":"区政协","time":"2017-04-25:9:00","addr":"政务大厅301","person":"全体政协代表","link":"罗中旭","tele":"13823630125","oper":"1"},
  {"check":"","id":"SBNVG001","tit":"关于重庆江北区民生改善会议","cell":"大型会议","part":"区政协","time":"2017-04-25:9:00","addr":"政务大厅301","person":"全体政协代表","link":"罗中旭","tele":"13823630125","oper":"1"},
  {"check":"","id":"SBNVG001","tit":"关于重庆江北区民生改善会议","cell":"大型会议","part":"区政协","time":"2017-04-25:9:00","addr":"政务大厅301","person":"全体政协代表","link":"罗中旭","tele":"13823630125","oper":"1"},
  {"check":"","id":"SBNVG001","tit":"关于重庆江北区民生改善会议","cell":"大型会议","part":"区政协","time":"2017-04-25:9:00","addr":"政务大厅301","person":"全体政协代表","link":"罗中旭","tele":"13823630125","oper":"1"},
  {"check":"","id":"SBNVG001","tit":"关于重庆江北区民生改善会议","cell":"大型会议","part":"区政协","time":"2017-04-25:9:00","addr":"政务大厅301","person":"全体政协代表","link":"罗中旭","tele":"13823630125","oper":"1"},
  {"check":"","id":"SBNVG001","tit":"关于重庆江北区民生改善会议","cell":"大型会议","part":"区政协","time":"2017-04-25:9:00","addr":"政务大厅301","person":"全体政协代表","link":"罗中旭","tele":"13823630125","oper":"1"},
  {"check":"","id":"SBNVG001","tit":"关于重庆江北区民生改善会议","cell":"大型会议","part":"区政协","time":"2017-04-25:9:00","addr":"政务大厅301","person":"全体政协代表","link":"罗中旭","tele":"13823630125","oper":"1"},
  {"check":"","id":"SBNVG001","tit":"关于重庆江北区民生改善会议","cell":"大型会议","part":"区政协","time":"2017-04-25:9:00","addr":"政务大厅301","person":"全体政协代表","link":"罗中旭","tele":"13823630125","oper":"1"}











]}