
{"data":
[{"check":"","id":"SBNVG001","type":"已处理","sumbit":"经济委员会","title":"关于加强重庆公路口岸运营建设提议","person":"周茹林，何建华等","time":"2017-04-13","type01":"公开","oper":"1"},
  {"check":"","id":"SBNVG001","type":"已处理","sumbit":"经济委员会","title":"关于加强重庆公路口岸运营建设提议","person":"周茹林，何建华等","time":"2017-04-13","type01":"公开","oper":"1"},
  {"check":"","id":"SBNVG001","type":"未处理","sumbit":"经济委员会","title":"关于加强重庆公路口岸运营建设提议","person":"周茹林，何建华等","time":"2017-04-13","type01":"公开","oper":"1"},
  {"check":"","id":"SBNVG001","type":"已处理","sumbit":"经济委员会","title":"关于加强重庆公路口岸运营建设提议","person":"周茹林，何建华等","time":"2017-04-13","type01":"公开","oper":"1"},
  {"check":"","id":"SBNVG001","type":"已处理","sumbit":"经济委员会","title":"关于加强重庆公路口岸运营建设提议","person":"周茹林，何建华等","time":"2017-04-13","type01":"不公开","oper":"1"},
  {"check":"","id":"SBNVG001","type":"未处理","sumbit":"经济委员会","title":"关于加强重庆公路口岸运营建设提议","person":"周茹林，何建华等","time":"2017-04-13","type01":"公开","oper":"1"},
  {"check":"","id":"SBNVG001","type":"已处理","sumbit":"经济委员会","title":"关于加强重庆公路口岸运营建设提议","person":"周茹林，何建华等","time":"2017-04-13","type01":"公开","oper":"1"},
  {"check":"","id":"SBNVG001","type":"已处理","sumbit":"经济委员会","title":"关于加强重庆公路口岸运营建设提议","person":"周茹林，何建华等","time":"2017-04-13","type01":"公开","oper":"1"},
  {"check":"","id":"SBNVG001","type":"已处理","sumbit":"经济委员会","title":"关于加强重庆公路口岸运营建设提议","person":"周茹林，何建华等","time":"2017-04-13","type01":"公开","oper":"1"},
  {"check":"","id":"SBNVG001","type":"已处理","sumbit":"经济委员会","title":"关于加强重庆公路口岸运营建设提议","person":"周茹林，何建华等","time":"2017-04-13","type01":"公开","oper":"1"},
  {"check":"","id":"SBNVG001","type":"已处理","sumbit":"经济委员会","title":"关于加强重庆公路口岸运营建设提议","person":"周茹林，何建华等","time":"2017-04-13","type01":"公开","oper":"1"}









]}