
{"data":
[{"check":"","id":"SBNVG001","title":"关于政协11次会议履职得分异议","type":"已回复","time":"2017-04-12","per01":"政协组长","per02":"林兰","oper":"1"},
  {"check":"","id":"SBNVG001","title":"关于政协11次会议履职得分异议","type":"未回复","time":"2017-04-12","per01":"政协组长","per02":"林兰","oper":"1"},
  {"check":"","id":"SBNVG001","title":"关于政协11次会议履职得分异议","type":"已回复","time":"2017-04-12","per01":"政协组长","per02":"林兰","oper":"1"},
  {"check":"","id":"SBNVG001","title":"关于政协11次会议履职得分异议","type":"未回复","time":"2017-04-12","per01":"政协组长","per02":"林兰","oper":"1"},
  {"check":"","id":"SBNVG001","title":"关于政协11次会议履职得分异议","type":"已回复","time":"2017-04-12","per01":"政协组长","per02":"林兰","oper":"1"},
  {"check":"","id":"SBNVG001","title":"关于政协11次会议履职得分异议","type":"已回复","time":"2017-04-12","per01":"政协组长","per02":"林兰","oper":"1"},
  {"check":"","id":"SBNVG001","title":"关于政协11次会议履职得分异议","type":"已回复","time":"2017-04-12","per01":"政协组长","per02":"林兰","oper":"1"},
  {"check":"","id":"SBNVG001","title":"关于政协11次会议履职得分异议","type":"已回复","time":"2017-04-12","per01":"政协组长","per02":"林兰","oper":"1"},
  {"check":"","id":"SBNVG001","title":"关于政协11次会议履职得分异议","type":"未回复","time":"2017-04-12","per01":"政协组长","per02":"林兰","oper":"1"},
  {"check":"","id":"SBNVG001","title":"关于政协11次会议履职得分异议","type":"已回复","time":"2017-04-12","per01":"政协组长","per02":"林兰","oper":"1"},
  {"check":"","id":"SBNVG001","title":"关于政协11次会议履职得分异议","type":"已回复","time":"2017-04-12","per01":"政协组长","per02":"林兰","oper":"1"}









]}