
{"data":
[{"check":"","id":"SBNVG001","title":"政协11次会议","type":"会议","time":"2017-04-23","core":"89","grade":"9","oper":"1"},
  {"check":"","id":"SBNVG001","title":"政协11次会议","type":"会议","time":"2017-04-23","core":"89","grade":"9","oper":"1"},
  {"check":"","id":"SBNVG001","title":"政协11次会议","type":"会议","time":"2017-04-23","core":"89","grade":"9","oper":"1"},
  {"check":"","id":"SBNVG001","title":"政协11次会议","type":"会议","time":"2017-04-23","core":"89","grade":"9","oper":"1"},
  {"check":"","id":"SBNVG001","title":"政协11次会议","type":"会议","time":"2017-04-23","core":"89","grade":"9","oper":"1"},
  {"check":"","id":"SBNVG001","title":"政协11次会议","type":"会议","time":"2017-04-23","core":"89","grade":"9","oper":"1"},
  {"check":"","id":"SBNVG001","title":"政协11次会议","type":"会议","time":"2017-04-23","core":"89","grade":"9","oper":"1"},
  {"check":"","id":"SBNVG001","title":"政协11次会议","type":"会议","time":"2017-04-23","core":"89","grade":"9","oper":"1"},
  {"check":"","id":"SBNVG001","title":"政协11次会议","type":"会议","time":"2017-04-23","core":"89","grade":"9","oper":"1"},
  {"check":"","id":"SBNVG001","title":"政协11次会议","type":"会议","time":"2017-04-23","core":"89","grade":"9","oper":"1"},
  {"check":"","id":"SBNVG001","title":"政协11次会议","type":"会议","time":"2017-04-23","core":"89","grade":"9","oper":"1"}











]}