
{"data":
[{"check":"","id":"SBNVG001","name":"陈成","no":"qongqing2012013","time":"2017-04-23:10:23:21","type":"迟到","time01":"2017-04-23:12:10:01","oper":"1"},
  {"check":"","id":"SBNVG001","name":"陈成","no":"qongqing2012013","time":"2017-04-23:10:23:21","type":"迟到","time01":"2017-04-23:12:10:01","oper":"1"},{"check":"","id":"SBNVG001","name":"陈成","no":"qongqing2012013","time":"2017-04-23:10:23:21","type":"迟到","time01":"2017-04-23:12:10:01","oper":"1"},
  {"check":"","id":"SBNVG001","name":"陈成","no":"qongqing2012013","time":"2017-04-23:10:23:21","type":"缺会","time01":"2017-04-23:12:10:01","oper":"1"},
  {"check":"","id":"SBNVG001","name":"陈成","no":"qongqing2012013","time":"2017-04-23:10:23:21","type":"迟到","time01":"2017-04-23:12:10:01","oper":"1"},
  {"check":"","id":"SBNVG001","name":"陈成","no":"qongqing2012013","time":"2017-04-23:10:23:21","type":"正常","time01":"2017-04-23:12:10:01","oper":"1"},
  {"check":"","id":"SBNVG001","name":"陈成","no":"qongqing2012013","time":"2017-04-23:10:23:21","type":"正常","time01":"2017-04-23:12:10:01","oper":"1"},
  {"check":"","id":"SBNVG001","name":"陈成","no":"qongqing2012013","time":"2017-04-23:10:23:21","type":"正常","time01":"2017-04-23:12:10:01","oper":"1"},
  {"check":"","id":"SBNVG001","name":"陈成","no":"qongqing2012013","time":"2017-04-23:10:23:21","type":"迟到","time01":"2017-04-23:12:10:01","oper":"1"}












]}