
{"data":
[{"check":"","id":"SBNVG001","name":"这个建议非常好，市政协已经采用","part":"重庆市政协","time":"2017-04-23","target":"关于支持科研单位在重庆江北发展提议","oper":"1"},
  {"check":"","id":"SBNVG001","name":"这个建议非常好，市政协已经采用","part":"重庆市政协","time":"2017-04-23","target":"关于支持科研单位在重庆江北发展提议","oper":"1"},
  {"check":"","id":"SBNVG001","name":"这个建议非常好，市政协已经采用","part":"重庆市政协","time":"2017-04-23","target":"关于支持科研单位在重庆江北发展提议","oper":"1"},
  {"check":"","id":"SBNVG001","name":"这个建议非常好，市政协已经采用","part":"重庆市政协","time":"2017-04-23","target":"关于支持科研单位在重庆江北发展提议","oper":"1"},
  {"check":"","id":"SBNVG001","name":"这个建议非常好，市政协已经采用","part":"重庆市政协","time":"2017-04-23","target":"关于支持科研单位在重庆江北发展提议","oper":"1"},
  {"check":"","id":"SBNVG001","name":"这个建议非常好，市政协已经采用","part":"重庆市政协","time":"2017-04-23","target":"关于支持科研单位在重庆江北发展提议","oper":"1"},
  {"check":"","id":"SBNVG001","name":"这个建议非常好，市政协已经采用","part":"重庆市政协","time":"2017-04-23","target":"关于支持科研单位在重庆江北发展提议","oper":"1"},
  {"check":"","id":"SBNVG001","name":"这个建议非常好，市政协已经采用","part":"重庆市政协","time":"2017-04-23","target":"关于支持科研单位在重庆江北发展提议","oper":"1"},
  {"check":"","id":"SBNVG001","name":"这个建议非常好，市政协已经采用","part":"重庆市政协","time":"2017-04-23","target":"关于支持科研单位在重庆江北发展提议","oper":"1"},
  {"check":"","id":"SBNVG001","name":"这个建议非常好，市政协已经采用","part":"重庆市政协","time":"2017-04-23","target":"关于支持科研单位在重庆江北发展提议","oper":"1"},
  {"check":"","id":"SBNVG001","name":"这个建议非常好，市政协已经采用","part":"重庆市政协","time":"2017-04-23","target":"关于支持科研单位在重庆江北发展提议","oper":"1"}











]}