
{"data":
[{"check":"","id":"SBNVG001","class":"社会管理","resouce":"关于提高最低限速建议","part":"市公安局主办","date01":"2017-02-13","getType":"未审核","person":"陈偿","overType":"处理中","type":"已提交","oper":"1"},
  {"check":"","id":"SBNVG001","class":"社会管理","resouce":"关于提高最低限速建议","part":"市公安局主办","date01":"2017-02-13","getType":"未审核","person":"陈偿","overType":"处理中","type":"已提交","oper":"1"},
  {"check":"","id":"SBNVG001","class":"社会管理","resouce":"关于提高最低限速建议","part":"市公安局主办","date01":"2017-02-13","getType":"未审核","person":"陈偿","overType":"处理中","type":"已提交","oper":"1"},
  {"check":"","id":"SBNVG001","class":"社会管理","resouce":"关于提高最低限速建议","part":"市公安局主办","date01":"2017-02-13","getType":"未审核","person":"陈偿","overType":"处理中","type":"已提交","oper":"1"},
  {"check":"","id":"SBNVG001","class":"社会管理","resouce":"关于提高最低限速建议","part":"市公安局主办","date01":"2017-02-13","getType":"未审核","person":"陈偿","overType":"处理中","type":"已提交","oper":"1"},
  {"check":"","id":"SBNVG001","class":"社会管理","resouce":"关于提高最低限速建议","part":"市公安局主办","date01":"2017-02-13","getType":"未审核","person":"陈偿","overType":"处理中","type":"已提交","oper":"1"},
  {"check":"","id":"SBNVG001","class":"社会管理","resouce":"关于提高最低限速建议","part":"市公安局主办","date01":"2017-02-13","getType":"未审核","person":"陈偿","overType":"处理中","type":"已提交","oper":"1"},
  {"check":"","id":"SBNVG001","class":"社会管理","resouce":"关于提高最低限速建议","part":"市公安局主办","date01":"2017-02-13","getType":"未审核","person":"陈偿","overType":"处理中","type":"已提交","oper":"1"},
  {"check":"","id":"SBNVG001","class":"社会管理","resouce":"关于提高最低限速建议","part":"市公安局主办","date01":"2017-02-13","getType":"未审核","person":"陈偿","overType":"处理中","type":"已提交","oper":"1"},
  {"check":"","id":"SBNVG001","class":"社会管理","resouce":"关于提高最低限速建议","part":"市公安局主办","date01":"2017-02-13","getType":"未审核","person":"陈偿","overType":"处理中","type":"已提交","oper":"1"}











]}